cosa,dicono,1.000000
dicono,le,1.000000
le,previsioni,1.000000
previsioni,di,0.333333,del,0.666667
del,tempo,1.000000
tempo,incerto,0.333333,di,0.333333,?,0.333333
?,previsioni,0.500000,?,0.500000
di,domani,0.500000,oggi:,0.500000
oggi:,tempo,1.000000
incerto,!,1.000000
!,previsioni,0.500000,!,0.500000
domani,?,1.000000
